{
  "project_info": {
    "project_number": "1070444695029",
    "project_id": "movies-61ca1",
    "storage_bucket": "movies-61ca1.appspot.com"
  },
  "client": [
    {
      "client_info": {
        "mobilesdk_app_id": "1:1070444695029:android:efa902038d4d8432e2e4bc",
        "android_client_info": {
          "package_name": "com.flutterflow.movies"
        }
      },
      "oauth_client": [
        {
          "client_id": "1070444695029-cdgcbjuncedddir2abscq7eshee979vg.apps.googleusercontent.com",
          "client_type": 1,
          "android_info": {
            "package_name": "com.flutterflow.movies",
            "certificate_hash": "9bbb3186b2189ef16d8f272bdab59362c395cbb4"
          }
        },
        {
          "client_id": "1070444695029-6qqqr6fonp2hu9drqv2k5v77e1d62juh.apps.googleusercontent.com",
          "client_type": 3
        }
      ],
      "api_key": [
        {
          "current_key": "AIzaSyCsyhkCs9aHDOSScudsBr9Fvuff32MS_Sw"
        }
      ],
      "services": {
        "appinvite_service": {
          "other_platform_oauth_client": [
            {
              "client_id": "1070444695029-6qqqr6fonp2hu9drqv2k5v77e1d62juh.apps.googleusercontent.com",
              "client_type": 3
            },
            {
              "client_id": "1070444695029-15ophrf583ti0of5ma38v90hefb4liaj.apps.googleusercontent.com",
              "client_type": 2,
              "ios_info": {
                "bundle_id": "com.flutterflow.movies"
              }
            }
          ]
        }
      }
    }
  ],
  "configuration_version": "1"
}